0	1	restart
0	3	restart
0	5	restart
0	2	restart
0	4	restart
0	7	restart
0	6	restart
0	9	restart
0	8	restart
0	10	restart
1	1	restart
1	2	failover
1	3	failover
1	5	restart
1	4	restart
1	7	failover
1	6	restart
1	8	restart
1	10	restart
1	9	failover
2	1	failover
2	2	failover
2	3	failover
2	4	failover
2	5	failover
2	6	failover
2	8	failover
2	9	failover
2	10	failover
2	7	failover
4	1	failover
4	2	failover
4	3	failover
4	4	failover
4	5	failover
4	6	failover
4	7	failover
4	8	failover
4	9	failover
4	10	failover
